State_Abrvtn,Pltfrm,Aplctn_Sbmtd,Indvdl_Aplctn_Sbmtd,QHP_Elgbl,FA_Elgbl,MC_Elgbl,Cnsmr,New_Cnsmr,Tot_Renrl,Actv_Renrl,Auto_Renrl,Actv_Renrl_Sw,Actv_Renrl_Nsw,Wk_1,Wk_2,Wk_3,Wk_4,Wk_5,Wk_6,Wk_7,Fnl_Snpsht,Avg_Prm,Avg_Prm_Aftr_APTC,Cnsmr_Wth_APTC_CSR,CSR_Cnsmr,CSR_Cnsmr_73,CSR_Cnsmr_87,CSR_Cnsmr_94,CSR_Cnsmr_AIAN,APTC_Cnsmr,APTC_Cnsmr_Avg_APTC,APTC_Cnsmr_Avg_Prm_Aftr_APTC,Age_0_17,Age_18_25,Age_26_34,Age_35_44,Age_45_54,Age_55_64,Age_GE65,Male,Female,AIAN,ASN,NHPI,BLACK,WHT,Othr_Race,Mlt_Race,Unk_Race,Hspnc_Yes,Hspnc_No,Unk_Ethncty,Rrl,Non_Rrl,Ctstrphc,Brnz,Slvr,Gld,Pltnm,FPL_NFA,FPL_100_150,FPL_150_200,FPL_200_250,FPL_250_300,FPL_300_400,FPL_OTHR,Dntl_Cnsmr,Dntl_Age_0_17,Dntl_Age_18_25,Dntl_Age_26_34,Dntl_Age_35_44,Dntl_Age_45_54,Dntl_Age_55_64,Dntl_Age_GE65,BHP_Enrlmnt ,BHP_New_Enrl,BHP_Renrl ,BHP_Age_0_17,BHP_Age_18_25,BHP_Age_26_34,BHP_Age_35_44,BHP_Age_45_54,BHP_Age_55,BHP_Male,BHP_Female
AK,HC.gov,"15,864","24,171","20,804","16,262","3,534","17,696","4,249","13,447","10,261","3,186","3,673","6,588",521,"1,513","1,606","1,525","1,117","2,141","4,425","4,848",$739 ,$187 ,"14,686","3,938",222,"1,536","1,330",850,"14,545",$671 ,$89 ,"2,651","1,148","3,252","3,029","2,914","4,492",210,"8,346","9,350",786,"1,409",57,167,"11,410",250,673,"2,944",773,"14,634","2,289","8,870","8,826",+,"8,761","3,438","5,497",+,"1,889","1,853","3,828","3,534","2,678","3,130",784,"2,805",168,145,691,594,512,664,31,+,+,+,+,+,+,+,+,+,+,+
AL,HC.gov,"145,941","205,422","191,122","155,576","14,406","160,429","37,118","123,311","86,528","36,783","14,630","71,898","4,927","14,775","13,413","11,979","8,505","19,467","35,657","51,706",$691 ,$130 ,"144,358","110,618","14,198","31,725","64,154",541,"144,062",$625 ,$79 ,"4,221","17,773","29,179","29,790","33,662","44,989",815,"66,222","94,207",784,"9,340",56,"27,875","95,546","1,679","2,786","22,363","4,311","139,408","16,710","45,454","114,975","1,783","20,454","131,194","6,998",+,"3,545","69,505","36,777","20,821","11,159","12,598","6,024","49,160",316,"5,571","10,687","10,062","10,259","11,961",304,+,+,+,+,+,+,+,+,+,+,+
AR,HC.gov,"65,725","98,275","78,283","62,685","21,182","64,360","14,484","49,876","29,141","20,735","12,662","16,479","1,293","4,559","4,239","4,248","2,874","6,884","14,124","26,139",$522 ,$197 ,"54,952","36,131","8,441","16,164","10,910",616,"54,638",$383 ,$147 ,"5,890","5,433","9,314","9,998","12,094","21,098",533,"28,131","36,229",458,"2,799",178,"4,032","43,045",643,"1,077","12,128","2,635","53,465","8,260","24,769","39,591",+,"15,886","46,554","1,920",+,"4,262","12,123","19,358","12,751","7,135","6,804","1,927","8,927","1,234",702,"1,614","1,569","1,481","2,190",137,+,+,+,+,+,+,+,+,+,+,+
AZ,HC.gov,"128,764","206,731","185,613","137,217","23,720","153,020","34,391","118,629","77,049","41,580","29,974","47,075","3,010","10,688","10,357","10,955","7,375","17,954","35,782","56,899",$589 ,$220 ,"120,152","66,554","18,806","28,183","18,695",870,"119,655",$472 ,$130 ,"23,532","12,075","18,599","20,205","27,015","50,063","1,531","69,687","83,333",728,"11,654",144,"2,929","91,534","4,313","4,051","37,667","26,166","106,856","19,998","15,798","137,222",809,"57,301","90,246","4,664",+,"21,856","20,284","35,626","33,058","17,918","19,141","5,137","21,563","2,929","1,558","3,912","3,710","3,608","5,612",234,+,+,+,+,+,+,+,+,+,+,+
CA,SBE,"3,756,058","7,765,421","2,294,351","1,735,727",NR,"1,538,819","418,052","1,120,767","466,154","654,613",NR,NR,"180,675","280,606","652,593","97,094","38,490","20,136","94,838","174,387",$569 ,$185 ,"1,309,381","648,202",NR,NR,NR,NR,"1,308,064",$445 ,$134 ,"110,268","150,542","264,143","234,424","319,562","447,742","12,138","734,220","804,599","3,558","297,443","1,564","29,993","427,135",NR,"29,136","406,395","343,595",NR,"406,395",NR,NR,"21,268","462,501","854,505","147,422","53,123",NR,"235,007","422,251","264,141","206,898","220,134","190,388","255,909","10,804","24,308","59,805","45,058","49,435","63,552","2,947",+,+,+,+,+,+,+,+,+,+,+
CO,SBE,"136,063","259,077","238,733","127,417",NR,"166,852","34,383","132,469","78,826","53,643",NR,NR,"4,061","10,318","10,096","10,282","7,130","15,309","30,551","79,105",$478 ,$205 ,"123,222","49,593",NR,NR,NR,NR,"122,438",$368 ,$135 ,"16,878","12,057","29,017","26,824","28,016","46,319","7,741","79,446","87,406",NR,NR,NR,NR,NR,NR,NR,NR,NR,NR,NR,NR,NR,"2,758","86,945","66,963","10,186",+,NR,"12,618","28,286","22,052","19,038","25,081","59,777","34,623","3,414","1,980","8,511","6,570","5,327","7,099","1,722",+,+,+,+,+,+,+,+,+,+,+
CT,SBE,"248,878","446,097","128,536","88,423","270,123","107,833","25,280","82,553","25,064","57,489",NR,NR,"2,103","7,670","7,403","26,342","46,057","3,153","8,476","6,629",$684 ,$244 ,"74,496","46,677",NR,NR,NR,NR,"74,413",$638 ,$97 ,"8,005","9,682","15,386","14,252","22,023","36,627","1,858","49,524","58,309",70,"5,045",49,"4,367","51,790",NR,"1,498","33,720","11,294",NR,"33,720",NR,NR,"1,839","49,326","49,889","6,779",+,NR,"8,127","18,439","15,895","10,962","17,240","37,170","3,564",243,323,799,577,679,852,91,+,+,+,+,+,+,+,+,+,+,+
DC,SBE,"26,396","29,595","19,872","2,286","8,671","17,538","4,214","13,324","1,524","11,800",NR,NR,"15,390",85,-72,116,113,211,591,"1,104",$534 ,$505 ,"1,061",356,NR,NR,NR,NR,"1,051",$422 ,$219 ,"1,888","1,001","5,398","3,845","2,711","2,515",180,"8,351","9,187",*,520,*,"1,359","5,471",NR,407,"9,729",45,NR,"9,729",NR,NR,928,"5,097","4,507","3,894","3,112",NR,40,66,301,262,207,"16,662","4,137",293,181,"1,326","1,088",620,468,161,+,+,+,+,+,+,+,+,+,+,+
DE,HC.gov,"20,602","31,372","28,052","21,764","3,700","23,961","6,056","17,905","12,234","5,671","5,259","6,975",560,"1,743","1,790","1,849","1,388","2,866","5,955","7,810",$668 ,$192 ,"19,930","6,831",796,"3,364","2,650",21,"19,914",$572 ,$110 ,"3,065","1,792","3,491","3,578","4,342","7,377",316,"10,744","13,217",*,"2,112",*,"2,268","13,703",377,548,"4,895","1,462","19,737","2,762","5,789","18,172",131,"7,578","7,902","7,662",688,"2,382","2,978","5,254","4,811","3,461","4,161",914,"4,210",255,367,871,725,804,"1,126",62,+,+,+,+,+,+,+,+,+,+,+
FL,HC.gov,"1,524,594","2,225,325","2,154,456","1,924,546","70,559","1,913,975","525,509","1,388,466","1,045,638","342,828","530,173","515,465","45,419","211,588","206,059","195,387","138,405","233,086","394,260","489,771",$597 ,$98 ,"1,791,105","1,237,998","49,583","230,244","956,973","1,198","1,789,918",$533 ,$65 ,"154,496","228,974","268,584","321,663","419,816","484,553","35,889","854,719","1,059,256","1,735","65,243",988,"128,159","620,968","41,716","22,638","1,032,528","421,737","721,713","770,525","56,121","1,857,854","3,011","559,378","1,279,920","61,087","10,579","52,118","1,117,743","332,889","182,944","95,892","95,648","36,741","188,649","14,851","20,348","33,144","34,797","38,569","44,507","2,433",+,+,+,+,+,+,+,+,+,+,+
GA,HC.gov,"382,946","590,315","552,432","444,636","38,068","463,910","142,379","321,531","241,436","80,095","102,025","139,411","11,180","47,910","46,563","40,315","27,369","56,892","107,665","126,016",$566 ,$133 ,"407,267","301,815","22,443","69,817","209,197",358,"406,728",$495 ,$78 ,"38,341","55,413","70,950","79,025","100,071","113,721","6,389","202,474","261,436",508,"67,199",226,"77,105","161,135","7,243","7,536","142,958","34,994","333,843","95,073","66,104","397,806","3,025","97,653","335,180","26,596","1,456","28,929","229,379","86,810","43,855","30,384","28,960","15,593","60,360","4,530","6,281","11,722","11,708","12,511","12,972",636,+,+,+,+,+,+,+,+,+,+,+
HI,HC.gov,"19,506","26,996","23,026","17,416","4,235","20,073","4,784","15,289","9,848","5,441","2,954","6,894",605,"1,632","1,581","1,532","1,185","2,440","4,061","7,037",$632 ,$223 ,"15,781","7,006",545,"1,874","4,538",49,"15,725",$523 ,$138 ,"1,242","1,383","2,715","3,768","4,321","6,296",348,"8,548","11,525",36,"5,337",701,88,"6,259","2,825","2,495","2,332","1,045","17,371","1,657","6,914","13,159",242,"5,315","8,121","5,074","1,321","1,832","2,587","4,236","3,080","2,005","2,249","4,084","6,389",563,384,894,"1,181","1,342","1,927",98,+,+,+,+,+,+,+,+,+,+,+
IA,HC.gov,"51,329","72,950","63,547","51,727","10,089","54,586","12,615","41,971","27,154","14,817","9,267","17,887","1,177","4,694","4,408","4,201","2,975","6,401","12,253","18,477",$823 ,$111 ,"48,078","17,813","2,042","9,566","6,114",91,"48,051",$809 ,$34 ,"2,678","4,078","8,695","8,553","9,559","20,590",433,"25,047","29,539",97,"1,870",69,867,"39,570",477,592,"11,044","1,784","45,114","7,688","26,412","28,174",375,"12,574","19,644","21,993",+,"3,418","6,845","13,598","10,981","7,359","11,000","1,385","9,740",517,750,"2,030","1,826","1,707","2,825",85,+,+,+,+,+,+,+,+,+,+,+
ID,SBE,"132,269","201,985","168,593","133,095",NR,"78,431","18,924","59,507","21,586","37,921",NR,NR,"72,203",668,-585,-212,301,484,"1,876","3,696",NR,NR,"60,353","21,677",NR,NR,NR,NR,"59,897",NR,NR,"14,780","7,732","11,777","12,354","11,350","20,267",171,"36,117","41,754",773,883,50,512,"58,850",NR,0,"17,363",0,NR,"17,363",NR,NR,514,"45,861","25,990","6,066",+,NR,NR,NR,NR,NR,NR,NR,"10,612",3721,731,"1,852","1,883",1145,1204,76,+,+,+,+,+,+,+,+,+,+,+
IL,HC.gov,"268,884","391,478","342,107","268,246","53,986","292,945","63,989","228,956","146,699","82,257","47,697","99,002","5,316","19,659","20,585","19,539","16,008","33,974","69,189","108,675",$636 ,$224 ,"241,954","120,866","21,194","52,365","47,018",289,"241,324",$500 ,$153 ,"20,413","23,564","49,643","45,459","55,810","94,040","4,016","136,489","156,456",378,"31,371",108,"12,926","174,939","5,411","4,712","63,100","23,813","227,897","41,235","41,493","251,452","1,145","119,296","148,747","23,757",+,"27,606","51,245","73,801","49,073","30,722","46,367","14,131","65,136","5,121","4,914","13,262","11,162","12,075","17,801",801,+,+,+,+,+,+,+,+,+,+,+
IN,HC.gov,"122,038","188,822","166,653","111,701","24,453","140,931","29,425","111,506","73,905","37,601","32,380","41,525","2,664","10,121","10,093","9,800","7,196","16,527","34,668","49,862",$544 ,$270 ,"97,399","57,678","13,736","26,381","17,422",139,"96,839",$399 ,$160 ,"15,544","10,559","18,990","20,873","25,360","48,727",878,"64,560","76,371",164,"7,606",44,"4,582","94,035","1,331","1,828","31,341","4,593","115,250","21,088","35,344","105,587",+,"45,205","90,556","5,170",+,"31,402","18,928","31,202","20,298","16,425","17,067","5,609","14,533","1,660",962,"2,489","2,681","2,673","3,896",172,+,+,+,+,+,+,+,+,+,+,+
KS,HC.gov,"72,948","111,789","103,870","81,432","8,125","85,837","17,877","67,960","48,966","18,994","20,289","28,677","2,091","7,352","7,126","6,763","4,932","10,157","20,340","27,076",$638 ,$171 ,"73,579","34,423","3,004","9,461","21,117",841,"73,372",$547 ,$101 ,"8,649","8,409","14,215","13,867","14,182","25,818",697,"39,147","46,690",574,"4,788",46,"2,565","56,772","1,234","2,105","17,753","6,112","68,020","11,705","31,577","54,260",555,"25,303","38,189","21,790",+,"5,414","27,468","17,284","12,926","9,473","9,676","3,596","13,007",725,"1,169","2,926","2,621","2,270","3,204",92,+,+,+,+,+,+,+,+,+,+,+
KY,HC.gov,"81,304","121,391","102,100","76,313","20,488","83,139","20,623","62,516","42,125","20,391","16,762","25,363","1,951","7,822","6,710","6,159","4,340","10,177","19,018","26,962",$594 ,$185 ,"66,947","33,484","8,183","15,627","9,605",69,"66,763",$509 ,$108 ,"9,434","6,058","11,987","12,869","15,002","27,199",590,"37,144","45,995",112,"3,294",24,"2,775","59,953",609,"1,083","15,289","1,940","69,663","11,536","38,213","44,926",664,"35,686","41,915","4,874",+,"10,229","11,099","21,541","16,646","10,122","10,670","2,832","10,437",597,830,"2,065","1,961","1,892","2,983",109,+,+,+,+,+,+,+,+,+,+,+
LA,HC.gov,"85,364","123,382","104,735","84,112","20,037","87,748","19,630","68,118","45,485","22,633","13,464","32,021","1,862","8,121","7,017","6,267","4,649","10,058","19,277","30,497",$677 ,$190 ,"75,918","42,901","7,301","18,781","16,593",226,"75,724",$564 ,$124 ,"6,941","6,369","13,526","14,066","17,182","28,795",869,"37,837","49,911",329,"7,160",28,"10,892","45,036","1,184","1,364","21,755","3,457","67,178","17,113","14,328","73,420",+,"28,510","52,937","6,301",+,"5,329","18,779","24,342","14,314","11,641","10,831","2,512","15,150",330,"1,148","3,336","3,129","3,027","4,027",153,+,+,+,+,+,+,+,+,+,+,+
MA,SBE,"788,979","1,503,558","890,009","431,340","495,262","319,612","51,630","267,982","57,152","210,830",NR,NR,"4,394","13,133","13,190","189,690","77,637",834,"2,154","18,580",$398 ,$198 ,"247,702","211,340",NR,NR,NR,NR,"243,687",$263 ,$134 ,"14,873","34,175","69,820","62,936","63,284","71,404","3,120","143,674","175,938",176,"29,771",228,"20,694","141,577",NR,"9,973","108,711","8,482",NR,"108,711",NR,NR,887,"35,883","269,804","8,863","4,175",NR,"38,776","72,805","62,458","40,321","26,994","78,258","24,005","2,258","2,140","3,952","3,342","3,245","4,478","4,590",+,+,+,+,+,+,+,+,+,+,+
MD,SBE,"328,316","691,977","270,241","172,357","292,125","158,934","38,738","120,196","34,061","86,135",NR,NR,"129,290","2,994","2,804","2,715","1,915","5,125","9,575","4,516",$498 ,$178 ,"121,508","54,217",NR,NR,NR,NR,"121,287",$443 ,$92 ,"7,620","15,883","30,641","27,347","30,826","40,535","6,082","69,027","89,907",477,"21,057",405,"27,470","52,135",NR,0,"39,200","18,190",NR,"39,200",NR,NR,"3,426","34,549","63,459","55,544","1,956",NR,"17,447","35,600","23,247","14,439","18,056","50,145","8,405","1,549",947,"1,737","1,196","1,022",975,979,+,+,+,+,+,+,+,+,+,+,+
ME,HC.gov,"51,453","77,679","70,953","57,006","8,157","62,031","10,905","51,126","35,671","15,455","16,093","19,578",919,"4,192","4,251","4,077","3,174","7,483","16,719","21,216",$642 ,$176 ,"52,309","20,527","4,441","8,627","7,297",162,"52,234",$552 ,$107 ,"8,135","3,985","9,035","9,038","10,978","20,633",227,"28,618","33,413",162,"1,161",15,409,"49,671",346,816,"9,451",743,"53,991","7,297","34,391","27,640",682,"34,903","24,968","1,478",+,"5,305","9,236","13,426","12,582","9,212","10,286","1,984","10,895","1,683",634,"2,329","1,918","1,810","2,443",78,+,+,+,+,+,+,+,+,+,+,+
MI,HC.gov,"213,850","332,657","301,488","241,366","33,701","262,919","56,542","206,377","137,278","69,099","49,838","87,440","4,700","20,036","19,031","19,023","14,515","30,476","64,358","90,780",$480 ,$176 ,"218,697","99,067","21,213","41,051","35,781","1,022","217,904",$366 ,$129 ,"32,289","20,254","37,854","37,293","47,336","85,692","2,201","123,326","139,593",893,"11,784",85,"8,755","155,812","2,789","3,789","79,012","5,423","195,884","61,612","62,001","200,918","2,756","124,624","122,631","12,828",80,"22,307","42,622","60,374","54,036","35,166","39,003","9,411","58,041","7,549","4,257","11,884","10,375","10,063","13,393",520,+,+,+,+,+,+,+,+,+,+,+
MN,SBE,"202,421","321,711","258,713","115,838","58,417","110,042","25,822","84,220","15,651","68,569",NR,NR,"83,547","2,035",930,"1,899",924,"2,978","4,918","12,811",$444 ,$285 ,"59,710","10,555",NR,NR,NR,NR,"59,692",$292 ,$201 ,"12,822","7,796","15,053","15,088","17,677","41,113",493,"53,109","56,933",449,"2,196",24,"1,801","69,552",NR,1152,"34,868","1,483",NR,"34,868",NR,NR,"2,700","57,959","32,596","16,787",+,NR,*,*,"24,199","17,417","22,861","45,520","15,187","1,781","1,211","3,654","2,694","2,364","3,341",142,"83,200",+,+,"1,723","12,026","16,803","17,075","13,379","22,194","34,628","48,572"
MO,HC.gov,"176,401","257,322","238,664","186,966","18,986","202,750","48,639","154,111","107,380","46,731","34,070","73,310","4,704","17,930","16,168","16,352","11,288","24,720","47,634","63,954",$634 ,$158 ,"171,180","116,174","15,403","34,367","65,655",749,"170,785",$564 ,$85 ,"15,323","19,343","32,963","33,093","37,406","63,408","1,214","92,240","110,510",666,"9,280",97,"9,144","122,363","1,751","3,194","56,255","4,891","155,765","42,094","58,039","144,711",928,"56,778","140,993","4,051",+,"17,772","76,896","43,089","25,520","13,632","18,673","7,168","26,161","1,988","2,222","5,605","5,089","4,443","6,639",175,+,+,+,+,+,+,+,+,+,+,+
MS,HC.gov,"91,003","121,127","114,961","99,834","6,182","98,892","33,102","65,790","42,347","23,443","9,136","33,211","2,540","10,376","9,818","8,620","6,222","10,646","19,150","31,520",$608 ,$82 ,"93,092","81,452","7,249","16,689","57,439",75,"93,006",$559 ,$49 ,"4,287","13,065","14,782","17,222","20,840","27,907",789,"38,157","60,735",92,"4,586",23,"23,590","26,614",742,697,"42,548","1,402","65,402","32,088","58,754","40,138",+,"8,256","89,906",730,+,840,"62,046","18,371","8,903","3,786","3,041","1,905","8,476",643,973,"1,402","1,582","1,623","2,171",82,+,+,+,+,+,+,+,+,+,+,+
MT,HC.gov,"38,976","59,489","50,863","40,446","9,092","43,822","8,544","35,278","24,943","10,335","8,295","16,648",770,"3,128","3,268","3,394","2,446","5,620","11,117","14,079",$572 ,$173 ,"36,461","12,593","1,886","5,995","3,477","1,235","35,994",$486 ,$101 ,"4,033","3,036","7,356","7,432","7,268","14,537",160,"20,761","23,061","1,202",536,26,71,"35,199",303,867,"5,618",959,"39,216","3,647","32,477","11,345",239,"27,553","13,260","2,770",+,"3,879","4,495","9,905","8,088","6,788","9,081","1,586","8,586",936,569,"1,660","1,598","1,405","2,381",37,+,+,+,+,+,+,+,+,+,+,+
NC,HC.gov,"411,585","608,333","580,224","487,457","28,612","505,275","125,635","379,640","262,660","116,980","111,500","151,160","10,178","43,767","41,968","39,558","26,679","60,212","119,529","163,384",$660 ,$116 ,"454,082","275,100","30,413","76,531","167,262",894,"453,411",$606 ,$69 ,"47,922","52,116","82,583","84,258","101,244","133,193","3,959","221,383","283,892","2,239","26,834",179,"50,048","263,932","7,620","8,237","146,186","28,706","379,621","96,948","129,791","375,484","7,092","154,097","295,585","48,501",+,"19,269","188,194","100,468","78,489","47,759","55,707","15,389","75,334","2,538","6,789","17,847","15,890","15,154","16,460",656,+,+,+,+,+,+,+,+,+,+,+
ND,HC.gov,"14,895","26,763","24,622","20,240","2,371","21,666","3,997","17,669","12,377","5,292","5,322","7,055",306,"1,449","1,505","1,631","1,266","2,812","5,719","6,978",$453 ,$184 ,"18,090","7,867","1,375","4,060","1,764",668,"17,990",$323 ,$140 ,"5,267","1,682","3,384","3,131","2,783","5,326",93,"10,544","11,122",632,566,12,391,"16,087",119,400,"3,459",477,"18,517","2,672","13,796","7,870",366,"8,901","8,311","4,088",+,"1,503","2,170","5,999","4,677","2,929","3,580",808,"1,984",174,153,565,372,307,399,14,+,+,+,+,+,+,+,+,+,+,+
NE,HC.gov,"65,600","109,477","103,144","89,529","6,431","90,845","18,061","72,784","55,325","17,459","27,148","28,177","1,478","7,572","7,991","8,573","6,000","12,641","22,895","23,695",$765 ,$107 ,"84,113","26,757","1,714","8,010","16,430",603,"84,009",$711 ,$59 ,"14,431","9,427","15,191","15,011","14,002","22,344",439,"43,215","47,630",547,"2,411",37,"1,586","62,650",845,"1,299","21,470","4,922","69,744","16,179","47,417","43,428",603,"36,229","28,356","25,657",+,"2,403","22,457","16,347","18,401","12,609","16,735","1,893","10,698","1,901","1,009","2,280","2,068","1,556","1,835",49,+,+,+,+,+,+,+,+,+,+,+
NH,HC.gov,"39,198","56,677","51,424","34,863","5,695","44,412","9,509","34,903","23,344","11,559","6,485","16,859",894,"3,531","3,426","3,297","2,384","5,089","10,599","15,192",$529 ,$238 ,"31,045","15,657","4,208","7,141","4,283",25,"30,949",$418 ,$138 ,"3,462","3,401","7,045","6,200","8,442","15,602",260,"20,668","23,744",41,"1,613",16,264,"30,974",493,548,"10,463","1,139","36,046","7,227","19,059","25,353",872,"18,195","22,815","2,530",+,"8,926","4,677","8,830","7,242","4,774","7,879","2,084","7,554",692,557,"1,612","1,288","1,357","1,983",65,+,+,+,+,+,+,+,+,+,+,+
NJ,HC.gov,"228,874","341,774","294,395","211,939","50,752","246,426","62,419","184,007","127,627","56,380","31,011","96,616","5,668","20,040","19,171","17,687","14,145","29,769","60,575","79,371",$554 ,$241 ,"185,517","113,719","28,179","49,674","35,809",57,"184,542",$419 ,$162 ,"18,167","21,625","39,471","36,574","50,688","74,924","4,977","114,063","132,363",213,"36,158",159,"12,606","127,292","9,931","4,731","55,336","34,307","180,925","31,194","1,777","244,649","1,948","61,525","178,914","4,039",+,"33,462","35,545","59,833","40,945","25,093","34,472","17,076","59,712","5,447","5,070","12,011","10,235","11,922","14,000","1,027",+,+,+,+,+,+,+,+,+,+,+
NM,HC.gov,"39,365","55,978","50,359","37,146","6,148","42,714","9,918","32,796","22,746","10,050","7,967","14,779",818,"3,598","3,409","3,452","2,316","5,134","10,217","13,770",$476 ,$195 ,"32,340","14,424","1,950","6,984","4,919",571,"32,159",$374 ,$121 ,"3,336","2,763","5,232","5,929","8,271","16,517",666,"19,247","23,467",580,"1,796",30,384,"23,881","1,796",947,"13,300","13,828","23,003","5,883","13,362","29,352",49,"14,748","15,623","12,294",+,"6,137","5,362","10,317","7,594","5,333","5,706","2,265","9,611",770,559,"1,670","1,693","1,752","3,030",137,+,+,+,+,+,+,+,+,+,+,+
NV,SBE,"42,115","88,408","88,092","66,293","9,893","77,410","20,111","57,299","25,587","31,712",NR,NR,"57,778",875,"2,006","1,646","1,123","2,544","7,272","4,166",NR,NR,"61,950","32,047",NR,NR,NR,NR,"61,669",NR,NR,"11,439","5,729","11,097","11,762","13,999","21,761","1,609","35,609","41,801",277,"13,267",110,"1,428","32,967",NR,0,"19,681","9,680",NR,"19,681",NR,NR,775,"30,963","42,576","3,096",+,NR,NR,NR,NR,NR,NR,NR,"15,273","2,617","1,091","2,535","2,579","2,562","3,428",461,+,+,+,+,+,+,+,+,+,+,+
NY,SBE,"1,476,395","2,623,539","505,822","230,415",NR,"272,948","63,442","209,506","92,518","116,988",NR,NR,554,"1,990","15,214","147,032","10,473","22,200","39,683","35,802",$643 ,$226 ,"159,152","68,551",NR,NR,NR,NR,"159,152",$345 ,NR,"9,778","22,290","51,435","45,692","56,764","84,633","2,356","132,315","140,633",1098,"28,073",452,"18,846","166,184",NR,NR,"54,258","28,682",NR,"54,258",NR,NR,"4,646","115,615","100,205","31,044","21,438",NR,372,617,"67,484","43,804","46,750","113,921","26,260",933,"2,287","6,492","5,080","5,136","6,192",140,"796,998","96,926","700,072",0,"114,899","182,217","182,513","171,008","146,361","349,539","447,459"
OH,HC.gov,"179,545","268,083","237,757","170,100","32,441","196,806","47,919","148,887","100,110","48,777","45,447","54,663","3,529","13,646","14,110","13,625","10,100","24,040","50,681","67,075",$522 ,$230 ,"147,784","64,039","15,895","29,227","18,794",123,"147,231",$389 ,$149 ,"23,268","13,725","28,325","26,421","33,088","70,620","1,359","90,107","106,699",218,"9,515",61,"8,378","130,038","1,812","2,962","43,822","4,249","161,432","31,125","42,386","154,420","2,066","101,339","83,834","9,567",+,"32,577","23,920","43,389","40,286","24,206","25,622","6,806","26,652","3,132","1,676","5,161","4,676","4,554","7,141",312,+,+,+,+,+,+,+,+,+,+,+
OK,HC.gov,"121,242","190,046","181,337","156,228","8,884","158,642","31,210","127,432","79,718","47,714","35,178","44,540","2,744","11,384","11,112","11,488","8,365","18,240","33,149","62,160",$644 ,$108 ,"145,343","90,311","7,925","19,077","40,360","22,949","142,984",$594 ,$54 ,"19,820","17,144","26,145","27,671","27,894","38,872","1,096","70,422","88,220","19,778","7,487",146,"5,294","76,262","1,825","7,145","40,705","9,739","113,525","35,378","62,174","96,468",580,"55,609","76,953","25,500",+,"4,269","54,827","33,168","29,511","17,304","15,182","4,381","31,658","5,425","3,001","5,800","5,852","4,852","6,570",158,+,+,+,+,+,+,+,+,+,+,+
OR,HC.gov,"132,108","192,070","167,596","118,426","26,599","145,264","32,744","112,520","82,214","30,306","30,030","52,184","3,327","12,223","12,021","11,448","8,226","18,558","35,900","43,561",$558 ,$231 ,"104,839","45,223","10,154","21,764","12,321",984,"104,099",$456 ,$137 ,"11,686","10,140","23,952","25,560","26,837","45,696","1,393","64,631","80,633",807,"10,049","1,078","1,264","96,322","1,990","4,450","29,304","8,253","119,188","17,823","30,922","114,342",756,"62,350","63,826","18,332",+,"24,228","13,021","30,933","24,552","17,446","26,545","8,539","31,429","2,295","2,238","7,419","6,787","5,466","6,997",227,+,+,+,+,+,+,+,+,+,+,+
PA,HC.gov,"305,375","434,997","387,624","308,809","53,678","331,825","68,509","263,316","180,790","82,526","79,272","101,518","6,388","25,245","25,698","25,787","19,359","39,682","78,491","111,175",$648 ,$213 ,"279,543","141,015","24,470","64,710","51,682",153,"278,956",$517 ,$151 ,"16,705","24,734","52,709","51,366","65,281","118,056","2,974","153,454","178,371",256,"26,983",119,"14,399","216,278","4,732","4,420","64,638","13,325","273,225","45,275","43,098","288,727","1,625","90,613","175,650","63,624",313,"27,966","57,607","87,323","60,335","37,686","49,063","11,845","64,253","1,361","4,927","14,340","12,238","12,527","18,135",725,+,+,+,+,+,+,+,+,+,+,+
RI,SBE,"56,688","98,017","57,115","28,413","16,098","34,634","6,267","28,367","2,707","25,660",NR,NR,"29,885",300,337,292,303,444,731,"2,342",$435 ,$180 ,"27,986","14,403",NR,NR,NR,NR,"27,735",$326 ,$123 ,"1,731","3,269","6,152","6,165","7,040","9,647",630,"15,559","19,070",*,816,*,"1,231","15,269",NR,172,"13,987","3,082",NR,"13,987",NR,NR,+,"8,225","15,509","10,804",96,NR,"6,524","9,517","5,693","3,657","3,640","5,603","16,937",765,"1,637","3,392","3,104","3,198","4,255",586,+,+,+,+,+,+,+,+,+,+,+
SC,HC.gov,"178,222","258,072","245,884","207,003","12,375","214,030","58,340","155,690","113,053","42,637","41,971","71,082","4,026","19,444","18,694","19,391","11,874","26,065","53,264","61,272",$613 ,$124 ,"192,508","91,126","8,514","23,995","58,365",252,"192,354",$543 ,$79 ,"18,908","21,062","33,486","33,563","43,022","62,654","1,335","93,509","120,521",354,"8,787",75,"23,922","104,786","2,161","2,675","71,270","7,274","153,265","53,491","39,471","174,559","1,914","96,888","100,292","14,936",+,"8,529","77,447","40,962","34,991","21,847","24,147","6,107","27,020","2,621","2,434","5,795","5,126","4,954","5,953",137,+,+,+,+,+,+,+,+,+,+,+
SD,HC.gov,"22,690","36,559","34,087","29,396","2,562","29,331","5,949","23,382","18,505","4,877","5,201","13,304",583,"2,551","2,550","2,548","1,924","3,969","8,008","7,198",$687 ,$136 ,"26,967","13,342","2,357","3,802","6,399",784,"26,832",$602 ,$95 ,"4,549","2,623","5,124","4,865","4,263","7,821",86,"13,846","15,485",629,579,11,171,"24,028",204,583,"3,126",741,"26,362","2,228","19,358","9,973",376,"13,322","14,719",914,+,772,"7,721","5,822","6,043","3,843","4,275",855,"2,801",61,272,730,632,496,597,13,+,+,+,+,+,+,+,+,+,+,+
TN,HC.gov,"190,265","276,223","246,089","189,949","30,623","200,445","49,460","150,985","104,520","46,465","46,228","58,292","4,603","16,706","15,857","14,612","10,442","23,849","48,339","66,037",$641 ,$145 ,"171,728","98,807","13,177","30,114","55,176",340,"171,489",$580 ,$77 ,"11,940","16,842","33,563","31,634","40,925","63,923","1,618","91,609","108,836",350,"9,873",68,"15,360","127,404","2,292","3,098","42,000","6,371","163,031","31,043","57,393","143,052",620,"79,179","118,181","2,465",+,"13,898","66,953","43,708","27,959","19,796","20,006","8,125","39,951","1,554","3,599","9,413","7,681","7,708","9,715",281,+,+,+,+,+,+,+,+,+,+,+
TX,HC.gov,"849,795","1,383,989","1,309,923","1,079,621","74,346","1,116,293","325,050","791,243","576,123","215,120","224,320","351,803","22,067","104,605","102,495","97,783","73,486","138,033","251,659","326,165",$532 ,$115 ,"990,077","639,376","47,695","134,597","453,765","3,319","988,190",$470 ,$69 ,"125,105","131,670","157,057","174,563","225,470","277,769","24,659","494,267","622,026","3,408","146,022",554,"56,392","405,065","32,202","19,845","452,805","295,701","539,388","281,204","140,204","976,089","6,128","360,655","685,852","63,658",+,"58,600","516,566","204,044","144,792","74,113","70,012","48,166","188,737","27,260","18,958","32,931","32,699","34,110","40,105","2,674",+,+,+,+,+,+,+,+,+,+,+
UT,HC.gov,"117,354","241,513","223,216","194,340","19,829","200,261","40,547","159,714","125,147","34,567","73,219","51,928","3,951","18,885","19,914","19,340","12,349","25,766","49,099","50,957",$425 ,$93 ,"180,922","94,873","10,742","25,317","57,440","1,374","180,650",$368 ,$62 ,"54,399","23,755","36,216","33,123","23,685","28,156",927,"95,818","104,443","1,227","5,920",601,977,"111,917","2,536","3,336","73,747","14,682","132,071","53,508","31,872","168,389",577,"97,205","100,585","1,894",+,"9,845","61,296","36,804","38,179","22,916","25,356","5,865","31,706","7,333","3,399","7,873","5,977","3,686","3,329",109,+,+,+,+,+,+,+,+,+,+,+
VA,HC.gov,"231,923","363,564","312,050","246,575","57,544","269,474","59,725","209,749","144,078","65,671","67,083","76,995","5,164","20,902","21,411","19,728","14,885","33,161","64,518","89,705",$641 ,$174 ,"226,652","104,261","14,673","43,563","45,733",292,"226,304",$556 ,$94 ,"33,288","24,873","40,198","40,959","50,729","73,640","5,787","123,227","146,247",475,"43,954",154,"25,227","131,959","7,434","6,681","53,590","20,768","214,662","34,044","35,600","233,874","2,000","102,272","117,620","46,506","1,076","22,481","55,267","63,995","53,126","31,437","33,032","10,136","51,933","4,861","4,680","10,048","9,269","9,704","12,411",960,+,+,+,+,+,+,+,+,+,+,+
VT,SBE,"35,475","56,454","35,622","25,207","20,829","27,335","3,790","23,545","1,733","21,812",NR,NR,"24,808",589,74,132,117,341,411,863,"$1,034 ",$448 ,"21,724","9,319",NR,NR,NR,NR,"21,665",$738 ,$276 ,"1,089","2,436","4,492","4,519","5,442","9,160",197,"12,991","14,344",*,272,*,77,"12,394",NR,0,"14,544",235,NR,"14,544",NR,NR,259,"7,087","12,486","5,773","1,730",NR,"2,426","7,104","5,551","4,012","4,253","4,000","2,219",138,169,334,354,417,642,165,+,+,+,+,+,+,+,+,+,+,+
WA,SBE,"482,089","987,788","285,527","167,594","568,373","212,188","48,825","163,363","35,405","127,958",NR,NR,"175,135","2,999","2,855","2,655","2,270","4,436","19,334","2,504",$528 ,$283 ,"127,920","64,059",NR,NR,NR,NR,"127,385",$408 ,$148 ,"15,825","16,760","35,804","35,805","39,895","64,866","3,233","95,589","116,592","1,526","23,421","4,944","4,061","98,746",NR,753,"80,303","10,132",NR,"80,303",NR,NR,"3,334","91,210","94,197","23,447",+,NR,"19,204","43,896","28,833","19,671","27,256","73,328","56,228","11,926","4,671","11,557","9,411","8,401","9,563",699,+,+,+,+,+,+,+,+,+,+,+
WI,HC.gov,"173,407","239,472","222,726","181,622","18,219","195,498","36,721","158,777","118,115","40,662","48,476","69,639","4,045","17,557","18,329","17,948","11,849","25,021","46,321","54,428",$657 ,$173 ,"166,606","73,722","10,311","26,309","36,032","1,070","166,233",$569 ,$107 ,"11,097","14,273","29,269","28,447","33,977","77,494",941,"88,699","106,799",853,"6,381",42,"5,252","137,267","1,587","2,395","41,721","6,519","162,175","26,804","75,220","120,278","1,606","82,633","82,521","28,247",491,"17,510","43,494","39,834","31,144","21,040","36,982","5,494","31,587","1,914","2,425","7,116","5,791","5,554","8,563",224,+,+,+,+,+,+,+,+,+,+,+
WV,HC.gov,"21,071","29,784","25,456","20,046","4,572","20,066","4,247","15,819","10,574","5,245","3,618","6,956",411,"1,590","1,504","1,520",974,"2,345","4,867","6,855",$992 ,$285 ,"17,339","9,314","2,185","4,584","2,523",22,"17,315",$819 ,$190 ,"1,027","1,043","2,363","2,898","3,944","8,644",147,"8,722","11,344",*,513,*,304,"15,246",133,235,"3,613",314,"17,626","2,126","8,463","11,603",87,"6,650","12,428",901,+,"1,451","2,921","5,761","3,852","2,331","3,169",581,"3,193",81,162,493,588,635,"1,187",47,+,+,+,+,+,+,+,+,+,+,+
WY,HC.gov,"19,096","30,880","28,827","24,218","2,070","24,574","5,517","19,057","14,564","4,493","4,834","9,730",693,"2,433","2,104","2,155","1,455","3,318","5,949","6,467",$967 ,$128 ,"22,396","5,501",318,"1,482","3,464",237,"22,347",$923 ,$55 ,"3,776","2,092","4,383","3,989","3,568","6,670",96,"11,069","13,505",184,385,18,89,"18,989",290,524,"4,095","1,371","20,043","3,160","19,137","5,437",+,"4,683","5,679","14,212",+,790,"5,125","4,431","5,200","3,494","4,875",659,"4,217",188,371,"1,133",923,715,873,14,+,+,+,+,+,+,+,+,+,+,+
Total,HC.gov,"6,899,113","10,410,963","9,620,485","7,886,767","836,451","8,286,871","2,086,338","6,200,533","4,415,678","1,784,855","1,852,951","2,562,727","177,082","754,967","737,352","703,556","504,041","1,005,673","1,895,431","2,508,769",$595 ,$145 ,"7,221,736","4,332,303","456,941","1,202,758","2,628,486","44,118","7,205,225",$517 ,$89 ,"789,317","837,701","1,250,826","1,326,983","1,633,271","2,337,856","110,917","3,720,697","4,566,174","42,566","594,355","6,284","541,507","4,023,941","155,225","137,362","2,785,631","1,020,926","5,314,256","1,951,689","1,493,348","6,793,523","45,610","2,738,107","4,874,045","613,105","16,004","544,930","3,030,681","1,693,679","1,195,539","720,914","820,731","280,397","1,282,255","116,203","116,063","256,760","238,073","239,083","302,005","14,068",+,+,+,+,+,+,+,+,+,+,+
Total,SBE,NR,NR,NR,NR,NR,"3,122,576","759,478","2,363,098","857,968","1,505,130",NR,NR,"779,823","324,262","706,845","479,683","186,853","78,195","220,410","346,505",NR,NR,"2,396,165","1,230,996",NR,NR,NR,NR,"2,388,135",NR,NR,"226,996","289,352","550,215","501,013","618,589","896,589","39,808","1,465,531","1,656,473",NR,NR,NR,NR,NR,NR,NR,NR,NR,NR,NR,NR,NR,"43,334","1,031,221","1,632,686","329,705","85,630",NR,NR,NR,NR,NR,NR,NR,"473,359","40,442","41,676","105,946","82,936","83,551","106,049","12,759","880,198",NR,NR,"1,723","126,925","199,020","199,588","184,387","168,555","384,167","496,031"
Total,All,NR,NR,NR,NR,NR,"11,409,447","2,845,816","8,563,631","5,273,646","3,289,985",NR,NR,"956,905","1,079,229","1,444,197","1,183,239","690,894","1,083,868","2,115,841","2,855,274",NR,NR,"9,617,901","5,563,299",NR,NR,NR,NR,"9,593,360",NR,NR,"1,016,313","1,127,053","1,801,041","1,827,996","2,251,860","3,234,445","150,725","5,186,228","6,222,647",NR,NR,NR,NR,NR,NR,NR,NR,NR,NR,NR,NR,NR,"88,944","3,769,328","6,506,731","942,810","101,634",NR,NR,NR,NR,NR,NR,NR,"1,755,614","156,645","157,739","362,706","321,009","322,634","408,054","26,827","880,198",NR,NR,"1,723","126,925","199,020","199,588","184,387","168,555","384,167","496,031"
